GIURATI;500
MIGNONE;500
OCCHIUTO;500
SCRITTORE;500
PORCEDDA;499
ALINEI;499
GERMINO;499
SPANU;499
SPINOZZI;498
REGOLI;498
MISSAGLIA;498
TOSTO;498
INCANTALUPI;497
SGARBI;497
BATTELLI;497
LAZZERONI;497
GIARRATANA;497
FRANCHINO;496
FAZZI;496
FURLAN;496
LUCCHESI;496
SAMBIAGIO;496
BELLEN;494
BOBBIESE;494
ARBIZZI;494
GANZERLA;494
GIUSTINIANO;494
GALISAI;494
ALASIO;494
SGHERRI;494
PENNACCINO;493
PACINI;493
MOMOLI;493
POMI;493
MASSARA;492
MAZZA;492
CAPILUNGO;492
GIORGI;492
PETTINATI;491
FORNAROLI;491
ANNIS;491
VOLPICELLA;491
REDOLFI;491
BINO;491
MANIELLO;491
CECERE;491
FRITEGOTTO;490
PALUMBO;490
GIANNONI;490
MARAGLIANO;490
FRUSCIO;489
LOCCI;489
FLAIM;489
FALCONER;489
PERTI;489
BAROLO;489
SCUDERO;489
VASINI;489
VIVALDINI;487
PORTO;487
TOLLEDI;487
FOPPOLO;487
SANTANGELO;485
MASCHERONI;485
PIZZONE;485
CITRONI;485
IACOPO;484
BRUNETTI;484
BOTTO;484
GIAMBO;484
MENEGATTO;483
BUSONI;483
COPPOTELLI;483
ARMANNO;483
NOLA;482
BOCCANERA;482
ACERBIS;482
RESA;482
ACERBONI;482
ARGERI;480
BARDELLONI;480
GHELLER;480
MANNUCCI;480
DELPONTE;478
CIRCENZI;478
AGASSINI;478
MAGHINI;478
MARIN;477
PANNUNZIO;477
BERTOLLO;477
FRANZIN;477
STANGALINI;477
ALIMONDA;476
VIGONI;476
RASTELLINI;476
GULLO;476
SESTINI;476
DIONISIO;476
PIRELLI;476
MARGON;476
CAMPANILE;474
PETTINARO;474
RODRIGUEZ;474
ALBANESI;474
PETRAZZINI;473
ROSSANI;473
ANTONUCCI;473
GAMBINI;473
FRIGHI;472
PERRUCCHETTI;472
PRATA;472
RAGUSA;472
FARNETI;471
ROSATI;471
VIGNE;471
MALAGOLI;471
SIRONE;470
SCACCABAROZZI;470
MENTONE;470
MIGLIORA;470
SPADAVECCHIA;469
CORSA;469
CLUN;469
TADDE';469
RICUCCI;469
ERCOLES;469
PROVANA;469
GIAMBRA;469
COCUZZA;469
GUGLIELMINI;467
LAUDISA;467
ROSELLINI;467
ROCCA;467
AVOGADRO;466
CAPORALI;466
REGORDA;466
ZACCONI;466
D'URSO;465
CIMMARRUSTI;465
ZACCHETTO;465
MELPI;465
CALATRO;465
MASTANTUONI;465
MACALUSO;465
GIUSTI;465
BOZZOLI;465
LUZARDI;465
IURI;464
VENERE;464
BOMBARDIERI;464
SARTOR;464
PAGANO;464
FAVRE;464
VALLI;464
LAI;464
BULFONE;463
CATACCHIO;463
CABRINI;463
MOLLICA;463
MORISI;462
BEALLI;462
PIGNATELLI;462
TASIN;462
GARGIULI;461
CANALIS;461
DI-MARTINO;461
PELUCCHINI;461
GALLONE;461
OSSOLA;460
CALVOSA;460
FACCENDINI;460
MARZIALI;460
ACCORSO;459
GINISI;459
SAGINA;459
COMPARINI;459
SARACCHI;458
TOCE;458
ADIMARI;458
MALGIOGLIO;458
BRESCIA;457
FAZZOLARI;457
SPINOLA;457
ZUCCALA';457
GIROTTI;456
INTRAPRENDENTE;456
AJALA;456
SANDRI;456
TAMONE;455
LOBBIA;455
TOTTI;455
CATARAME;455
USIGLI;454
PUZZU;454
MARLIA;454
ANFOSSI;454
GRANZINI;454
MATTAVELLI;454
TUOTI;454
GUERCINI;454
TODISCO;452
ALARICO;452
LEMBO;452
ELISEO;452
CASTELLETTI;452
ACARDI;452
DEFENDENTI;452
COLLI;452
GIORI;452
TERMINE;452
DEMI;451
CALVESI;451
LUGRINI;451
SACCA';451
GRITTI;451
ALBRIZI;451
ZAPPALE;451
BENTIVEGNA;451
ZUFFETTI;451
PASINI;449
GIORDI;449
MANCUSI;449
GALOTTA;449
PASCA;449
AZZALINI;449
ZINGARELLI;449
FAEDDA;449
STOPPA;448
BELLINCIONI;448
PEDERZINI;448
CUSANI;448
CALLEGARI;447
BORGIA;447
MAURICI;447
CESTARA;447
VIGLI;447
BERTOSSO;447
GALATA;447
APICELLA;447
MAZZIERI;447
BRANDOARDI;446
MINGARDO;446
MICERO;446
PREVI;446
ARBIZZANI;445
VERNAZZA;445
RONDANINA;445
GENNARI;445
BISARO;445
GHENO;445
RENIER;445
MATTAROZZI;445
ZUCCATELLI;444
MOTTERAN;444
TESSERA;444
MERAVIGLIA;444
PERAZZOLI;444
GINAMI;442
MONDOLFO;442
CANALI;442
MINGOLINI;442
NARDI;441
PAIARO;441
BERTOTTI;441
ARCURI;441
VALDEMARIN;441
CAMOSSI;441
STELLA;441
CALIANO;441
MALVITANI;440
AMATI;440
IRONI;440
GIANNETTA;440
BOGGI;440
SCANDELLI;438
MALISANI;438
AMBROSIN;438
D'ANDRIA;438
FANTI;438
PENNACINI;438
MONCADA;438
DEMARTINO;438
MANES;437
RODOLATTI;437
SEREGNI;437
PORTELLO;437
MAINAS;437
ASTILLERO;437
TAGLIERI;437
RECCO;437
PETRALLI;436
ARNALDI;436
MARCUZ;436
BASTONE;436
AGAZZONI;436
CORNARI;436
GIUPPONI;436
FANUCCI;436
ROSSELLINI;435
FENINI;435
RUBBIATI;435
MENTONI;435
RUGGERO;434
LUISINI;434
BETTIN;434
AZZARO;434
ROFRANO;433
AUTERIO;433
PROVENZALE;433
FOSCHINI;433
MICELLI;433
FOTI;433
PELIZZARI;433
SAGGINO;433
ACCIAIOLI;432
FIORENTINI;432
NASCIMBEN;432
FINELLI;432
CALABRIA;432
CORONEO;432
FURCHI;432
VIRGOLA;432
FOLCHINI;432
BELGIOVANE;431
BIZARRO;431
CIMARUSTI;431
PAGLIAI;431
SUARDI;430
FORESTO;430
BRIZIO;430
GIOS;430
ARDENGHI;429
PALLAVICINI;429
CORTENOVA;429
DAVI';429
BOCCALINI;429
PEDDIU;429
MERLANO;429
LUCARINO;429
QUASSOLO;429
CRISALDI;428
VENDRAME;428
ZAVATTERI;428
BARNI;428
BRUGNARO;427
CABASSI;427
FALAPPI;427
GAGLIARDO;427
ACONE;427
ARCARO;426
BRENTAZZOLI;426
BAZZA;426
CAVAGNARI;426
POVOLI;426
ZAMUNER;426
CHIERA;426
SCATTONI;426
NOGAROL;425
TROMBADORI;425
DORIGATO;425
FARESE;425
GIRAUDI;425
BIASI;425
BERUTTI;425
BARISON;425
AMICO;424
AMORUSO;424
DEMAGISTRIS;424
MAIDA;424
ALTEBRANDO;423
FREGAPANE;423
CLAVERIO;423
CALCAGNO;423
VIROLI;423
LUGATO;422
MICCOLIS;422
IAMPIS;422
MAGNONI;422
SOREGAROLI;421
SANZOGNI;421
GENCO;421
COSMO;421
OPIZZI;420
PERASSO;420
BAIARDI;420
D'ABROSCA;420
DALLABORA;420
VIGLINO;420
MONTEBELLO;420
BERTOCCHI;420
BALLOTTI;419
GAZZERA;419
PACE;419
MARASSI;419
PACIFICI;419
NASCIMBENE;419
IANEZ;419
BARBINI;419
MUSSI;419
MARENGHI;417
PIOLINI;417
IPOCOANA;417
BAJT;417
SIMON;417
SENES;417
PALMISCIANO;417
FRANCESC;417
BRIOZZO;417
SAVINI;417
SUSANI;416
BUONO;416
BURLA;416
MONDINO;416
CESTARO;416
AZZI;415
PASSERINI;415
AMALBERTO;415
DIOLAIUTI;415
MANDI;415
ZAMPERETTI;415
RICE;415
GIACOMAZZI;415
LAZZERI;414
TRINCHITELLA;414
FANELLA;414
NASELLI;414
NOVARA;413
SOARDI;413
BASSANINI;413
SORESINI;413
MOCHI;413
MAZZOLA;413
PITTER;413
SCHISANI;413
LUCCHINI;412
SILIPO;412
FIGARO;412
LIVOLSI;412
CUNEGONDA;412
TURLETTI;412
GUIZZARDI;412
LOCHE;412
GIUNTINI;411
PANCALDI;411
GRIFFINI;411
VERDA;411
GARZONI;411
ANDREAZZINI;411
BRIGATTI;411
RAVASI;411
CURCIO;410
GOLIN;410
MUZZICATO;410
GATTELLI;410
PULICI;410
MICALE;410
OPPI;410
MADDI;410
CUGNONI;410
AMEGLIO;410
GAMBELLA;410
BIGNOTTO;409
ARDIZZONE;409
POLL;409
CAGGEGGI;409
MAGALDI;408
TOGNETTI;408
CERIONI;408
CARDARELLO;408
FETTOLINI;408
SETTO;407
MUTTI;407
DEGANI;407
BULZI;407
NAGGI;407
GEROLA;407
IERARDO;407
ZUMBO;407
LIPPI;406
ANDREAZZI;406
COLAVOLPE;406
CAROBBIO;406
CARFI';406
LAMA;406
POLVERINI;406
BINOTTO;406
PIRCHER;405
ATTOLINO;405
REZOAGLI;405
FUSARPOLI;405
GREGORI;405
RAGONESI;405
ANESINI;405
CARNESECCHI;405
LUBRANO;405
BERGO;405
GARGI;404
CACCIOPPINI;404
RUTIGLIANO;404
BILLA;404
REBUGHINI;404
VECCHIOTTI;403
DISPINZIERI;403
MARRI;403
GOTTI;403
PASINO;403
BISSACO;403
NESPOLA;403
RIVOLTA;403
CLERICO;402
COLASANTI;402
MANGIATERRA;402
MILANI;402
BAUDONE;402
GORRETA;402
STARACI;402
BOSCARELLI;402
VIALARDI;401
AIMONI;401
AMORINI;401
VALZ;401
BAGATINI;400
MANENTI;400
CARCANO;400
BELLANI;400
CAMISONI;399
FERRARIS;399
MENEGALE;399
CHIARINI;399
RISI;398
SELIS;398
COMUZZO;398
MASSE';398
SCARANO;398
TROVATO;398
DE-FLANDRE;398
PARACCIANI;398
VALTORTA;398
TOSOLIN;397
LORENZETTI;397
PUGLIESI;397
CHINATI;397
SPORTELLI;397
CALDERONE;397
GUIDOTTI;397
ALIBERTO;397
BRACCHITTA;396
REBIZZI;396
MUTINI;396
ZANCHI;396
GREGORIADIS;395
CATTALANI;395
MEZZADRA;395
BLASI;395
NOCERINO;395
TRINCA;395
MASCIARI;395
DOSSENA;395
MASINA;395
BAGGI;394
BUSSOLOTTO;394
ZANARDO;394
GRASSADONIA;394
CALAMIA;394
RIZZUTO;394
LAMBRUSCHI;394
NORA;394
COLO';393
MONTEFAMEGLIO;393
MENDOZA;393
CRISTOFOLO;393
SACCO;393
PRESI;393
LIVRIERI;393
CARDONI;393
TECCHIO;393
BARBARO;393
ACERRANO;393
FOCHESATO;392
RAIA;392
BOLOGNANI;392
PETRINO;392
MAZZOCCA;392
GORGA;392
TOSSUTI;392
VANNONI;392
RONCORONI;392
IANNONE;391
RUTELLI;391
ZANINELLI;391
COLIBRETTI;391
CARGNELUTTI;391
FEDE;391
GARBATI;391
LUCIANO;391
ALEPRI;391
TAGLIACOZZI;391
PETRAZZO;391
MASSOLO;390
LEMMA;390
TONINELLI;390
ILLARIETTI;390
ONGANIA;389
MORISCO;389
MINICOCCI;389
VILLAN;389
FERRANTE;389
SCORZA;388
BASILICO;388
DOMENEGHINI;388
VISENTINI;388
PALMITESSA;388
NARDONI;388
CADAMAGNANI;388
CELESTINO;388
ALTOBRANDI;387
D'AQUI';387
PEZZOTTI;387
LUNARDELLO;387
MAZZONE;387
LUIS;387
ARMELLINI;387
MARICONTI;387
DI-CARLO;386
CANZONIERI;386
SOLIMEO;386
TUMMOLO;386
THUN;386
VERTICALE;386
CANDUSSI;386
PIRALI;386
ANDIDERO;386
DOLCINI;385
SCAMBIATI;385
MAZZARO;385
RIZZOTTO;385
ROZZI;385
POSSENTI;385
RICOTTI;385
CARLINI;385
MEGALE;384
ISNARDI;384
BOSCARIOL;384
PAGANA;384
BAGLINI;384
ERMACORA;384
BALBONI;384
SCACCO;384
BALDI;383
FURINI;383
BOTERO;383
SANTUCCI;383
SPALMA;382
CERIANI;382
MONTI;382
GRUMELLI;382
BELLEBONO;381
SECURI;381
CARUSIO;381
VESPI;381
DE-FILIPPIS;381
TOMMASINO;381
LILLIU;381
MADDALENA;381
CORDELLA;381
MALATERRA;381
TORREGIANI;381
GRAZIA;380
CASCIONALE;380
LEGATO;380
LAZZARI;380
AQUILANTI;379
INCANTALUPO;379
LICHELLI;379
CARABELLI;379
TREZZA;379
BONI;378
GAGLIANI;378
APICE;378
MARIANELLI;378
MION;378
AMADORE;378
MASTROGIACOMO;378
FIABANE;378
GARELLI;378
CARRARO;377
CALIAN;377
ARICI;377
MEOMARTINO;377
ANDREOTTI;377
BARAZZUTTI;377
GULINO;377
D'ALOIA;377
REDAVID;377
MARSICO;377
CANU;377
CIGOLINI;376
FALCONIERI;376
DUCE;376
VANNINI;376
MASTRO;376
TOMASI;376
ARMENI;376
GHISLERI;376
SCALFARO;375
RUGGI;375
FIGALLO;375
PICANO;375
DANZI;375
MONTAGNANI;375
POLO;375
RONDINA;375
ANFORA;374
ARCONATI;374
ALPINI;374
ADDARIO;374
MARROCCO;374
POTENZA;374
QUARTARONE;374
NAPOLIELLO;374
TOVINI;374
MANNARO;374
GIGLIOLI;373
OTTOLINA;373
MINICUCI;373
MONEGHETTI;373
ASTORE;373
CASTELLAZZI;373
BERGAMASCHI;373
PRANDI;373
PASQUATO;373
EUSEBIO;373
VISSANI;373
POMPILIO;373
PAPACE;372
CARLUCCI;372
DEGREGORIO;372
BATTISTELLI;372
BIRAL;372
TRAINO;372
TURCO;372
PASSADORI;372
VILLANOVA;372
LINATI;372
VITI;371
PERINI;371
SOTTURA;371
PUSTERLA;371
MORCHIO;371
AMERIO;371
REMONDINO;371
RAVANETTI;371
TOFANI;371
NICOLINI;371
GIROLA;371
MARDEGAN;371
DOVERA;371
DENNI;370
DIONIGI;370
MERCANTELLI;370
CANDORE;370
TRICERRI;370
ALBERTI;370
DRAGONETTI;370
STORACE;370
SALVATORI;370
SANGERVASI;370
TIRANZONI;370
SPADINI;370
GARLASCHELLI;370
MANERI;370
BENEDETTI;369
PANZIN;369
PEZZELLA;369
DAVIDI;369
CAROBBI;369
TEDOLDINI;369
CATINO;369
PACIULLI;369
CAPODANNO;369
GLORIOSO;369
ACCIARI;369
LAUDAMO;369
CUNIAL;369
SPADA;368
MIRABELLA;368
RIBONI;368
TRAININI;368
ZAMBONI;368
AGATI;368
MOSCATO;368
POLIMENA;368
GIGANTE;368
CEDOLINI;368
RONDINE;368
CASABLANCA;368
DELL'OSBEL;367
MORANDOTTI;367
VAGLIO;367
GALANTE;367
GANDOLFI;366
CARLENTINI;366
DAMIANI;366
MORINI;366
NARDIELLO;366
CAVIGLIONE;366
BARETTI;366
MAMERTINO;366
AMODEO;365
VALTANCOLI;365
FALCON;365
CORTESE;365
GIACOBBI;364
MACCO;364
REDONDI;364
MINISCALCO;364
MASI;364
VIVALDI;364
SAMMARCO;364
MARTINELLI;364
CENTANNI;363
COPELLI;363
DIBARTOLOMEO;363
DISTINZIERI;363
IANNICOLA;363
PALMIOTTO;363
CAPEZZERA;363
VIZIO;363
RONDINI;363
ALBIS;363
FRICANO;362
BIANCUCCI;362
TALAMINI;362
PIRANDA;362
LAPOLLA;362
NECCHI;362
PELLIZZARI;362
TRENTIN;362
BEZZI;362
ARMANI;361
FUSCO;361
PIN;361
BONETTO;361
GAVAZZO;361
FEULA;361
GANGEMI;361
SPACCATROSI;361
SION;360
ALDERISI;360
VACCAREZZA;360
SEMINARI;360
COZZI;360
BERGALLO;360
BENIVENTO;360
CALAMO;360
QUINQUE;360
GIACO';360
UCCHINO;360
BORROMINI;360
CAPUZZONI;360
D'AMICO;360
SILANI;360
FERMI;359
SIRIGNANO;359
CAICCO;359
DONADELLI;359
FLORENZANI;359
DUINA;358
MALICA;358
LONGHI;358
MIGHETTO;358
IAVARONI;358
GHIOTTO;358
PAVEGLIO;358
CALANDRELLI;358
CORNER;357
BIOSA;357
COMPARIN;357
SCALZI;357
DIFRONZO;357
GIANQUINTO;357
BEARZI;357
ZEPPILLI;357
IANNIELLI;357
FRISINGHELLI;357
ANNIBALDI;356
RAVANI;356
SAVI;356
ARCANGELO;356
RIGAMONTI;356
MAZZUCA;356
STEFANELLI;356
AZZALIN;356
MAZZAIA;356
CANEVA;356
FERLA;356
BAUDINO;355
FOSSAGHI;355
MICCICCHE';355
FEREGOTTI;355
GAIDO;355
FRUSCALZO;355
GALETTO;355
CASSITTO;355
CARGNELLO;354
CASINO;354
GIOFFREDI;354
IAQUINTI;354
PANE;354
MARINA;354
MOCHEN;354
LARIA;354
GAUZZI;353
BIADICO;353
DURANTE;353
MARCHIGGIANO;353
BERTULLO;353
COSTACURTA;353
EVANGELISTI;353
FOSSALI;353
GALLUCCIO;353
FULLA;353
SFERRA;352
SASSU;352
CHINI;352
PECORARO;352
PIVA;352
LEVANTI;352
BARONTI;352
VITELLOZZI;352
IULIANO;351
FRUNER;351
RODA;351
BREMBATI;351
FITTIPALDI;351
CERCATO;351
FAENZA;351
DI-GIOIA;351
MUNACO';351
MASTROGIACOMI;351
CAMURANI;351
ROZZARINI;351
ROBBIO;351
PESSINA;351
MACHELLO;350
SIRONI;350
BARNABA;350
BADIALE;350
ROLANDO;350
STEFANI;350
MAGLIO;350
GARUFFO;350
TAMELLI;350
VENTRICINI;350
PULCI;350
SCORZO;349
COGLIANESE;349
BESCO;349
CANTON;349
TRIPICCHIO;349
ROVISCALLI;349
VESPO;349
SABATTOLI;349
LEANI;349
ALIBERTI;349
PRESTIGIOVANNI;348
MELONCELLI;348
CONFALONIERI;348
BRACCI;348
GIACOBI;348
MAGENES;348
CIUFFO;348
DORIO;348
ANESIN;348
CASCIANO;348
GARZELLI;348
GRIFFO;348
PARACIANI;348
CANDIA;348
SANTUCCIO;348
SECURO;347
LORENZI;347
COPPARI;347
BAMBERGHI;347
LEONCINI;347
FILIGHERA;347
VANZETTI;347
RONCONI;347
RUFFINI;347
AIANA;347
PISO;346
MARZOCCA;346
PAGLIA;346
BIAMONTI;346
MURNO;346
MIGNOGNI;345
FONTEBASSO;345
VEROLI;345
DI-PIERRO;345
CRESCIMBENE;345
UBALDINI;345
CALVELLO;345
PORRO;345
FOLLIS;344
MARCHESOTTI;344
FERILLO;344
LONGOBARDO;344
ABELLO;344
SARCI;344
GRIMALDI;344
GHILARDINI;344
IELARDI;344
MASCIADRI;344
MARTINA;344
CAVACCIUTI;344
MUSCAS;343
SANTONASTASO;343
CAPPUZZO;343
PETRILLI;343
BERLANGIERI;343
GHIN;343
SONCINO;343
BRANDI;343
GIARRUSSO;343
ARDOVINO;343
FUSINATO;342
ROBUSTI;342
RUGGIERO;342
MARCON;342
DRAGO;342
IELPA;342
D'OSPINA;342
VIGOGNA;342
ANGELETTI;342
PASTORELLI;342
BAZZARO;342
CERRUTI;341
CIUNI;341
PARDONI;341
REMERSARO;341
ANTIMO;341
SOMMAVILLA;341
MONTELEO;341
PETTIROSSI;341
COSTUCCI;341
ARUS;341
NEPOTE;341
BIASUZ;341
REGOLO;340
CANTINA;340
PERINO;340
CONSOLI;340
BARBIERATO;340
ALEMANNI;340
CAMPORESI;340
MATASSONI;340
PETROSINO;340
FRISI;339
CASSANELLO;339
ACONI;339
PARINI;339
MALASPINA;339
BAGNI;339
CAVAGNA;339
PIETROSANTI;339
COSCO;339
NACAR;339
COPPOLA;339
BETTAZZO;339
GALLIANO;339
GARBAZ;338
PANCOTTI;338
FORTINO;338
CREA;338
PIOVANI;338
VIGGIANO;338
VANNICOLA;338
BOSELLI;338
SICCARDI;338
GAIPA;338
PIEVANO;338
SPANO;337
ALTEBRANDI;337
CASADIO;337
BARGELLINI;337
RADAELLI;337
DALL'AGNOL;337
ONOFRI;337
FRISA;337
MAURELLI;337
BUONI;337
GIAMBRONE;337
BENZON;337
MARZANI;337
ATZENIS;337
SOLDANO;337
CORAPI;337
SCHIRATTO;337
MASSARO;336
GAMBATESA;336
CLEMENTE;336
OGLIARO;336
ACQUARONE;336
LAVIO;336
CHIODAROLI;336
BAIOCCHINO;336
FACCHINI;336
MOLINI;336
ALESSIO;336
CHILELLI;336
MURTAS;336
MAIERON;336
CRESCI;335
MELCHIORRI;335
ZEOLI;335
PEPE;335
MASIERO;335
SALVADERI;335
TENCONI;335
PERGOLI;335
GALLINARO;334
CHIVU;334
ARDIZZONI;334
SCHIAVON;334
VISCO;334
BOLOGNESE;334
IVAN;334
SARTO;334
VECCHINI;333
FRASCAROLI;333
CRISANTI;333
SCARPELLINI;333
POL;333
LAMBRA;333
ALESI;333
ANGELONI;333
GORTANI;332
MISITANO;332
PALADINO;332
GUERRINI;332
IMOVILLI;332
SECONDI;332
TROMBY;332
IOVALDI;332
RONGIOLETTI;332
PETRAZZOLI;332
BUTTURA;332
ABBATE;332
VIGNOGNA;332
GRASSI;332
MICALIZZI;332
GIRONDA;331
GIULEBBI;331
DOLERA;331
BELARDETTI;331
RAZETO;331
MUZI;331
MASSIGNAN;331
BELLODI;331
TORNESE;330
CIVARDI;330
CAVAZZINI;330
BOLOGNINI;330
MAGNANI;330
VOLONGHI;330
PAPETTI;330
MANFRON;330
ICARDO;330
CECCATO;330
SANNA;330
CARIDI;330
SPADOTTO;329
LICINI;329
FERRILLO;329
BADOLATI;329
SEMBENI;329
GIANNELLA;329
CESCATO;329
LEOPARDO;329
BAGLI;329
GARIBALDI;329
STANGHELLINI;329
OLGIATI;329
CAVAZZI;329
MIGLIORINI;329
POTESTA';329
SCHIAVONE;329
SCOGLIO;328
AGNELLO;328
MANTINEO;328
LUPARINI;328
TARENZI;328
SPERANDIO;328
UBOLDI;328
PETROSINI;328
RASTELLI;328
ASTORINI;328
SEVERINI;328
LAUREOLA;327
ZAPPAVIGNA;327
PRUNERI;327
MORONI;327
BERNARDO;327
GHIONE;327
SAVOLDI;327
AZZARA;327
LIONETTO;327
GALELLI;327
CUMINETTI;327
CERQUETI;327
FACCHIN;327
FREDDI;327
UCCHEDDU;326
TEOTINO;326
PISANO;326
MIGLIACCIO;326
CATELANI;326
FANTINI;326
PINZANO;326
BERTI;326
GHIGLIOTTO;326
CAGGECI;326
ROSASCO;326
SECCI;326
BACCARO;326
OTTOLIA;326
FRIZZOTTI;326
LAMBRI;326
COLOMBARINI;325
CALAMI;325
BESALDUCH;325
MOMBELLI;325
PITTALUGA;325
MANGIARACINA;325
MASILLI;325
ANTONIONI;325
FURCO;325
ZILLITTO;325
CADDEO;325
AZZARIO;324
FRATTIN;324
DEJANA;324
PIROVANO;324
FRAU;324
LOCATELLI;324
STRACQUADAGNO;324
MAINARDI;324
BROILI;324
PUGLIESE;324
PAPA;324
MERCANDELLI;324
MACCARIO;324
BERNUZZO;324
TEGNER;324
VERARDO;323
SALVATI;323
SETTIMIO;323
LIBE';323
PAOLATI;323
PASSARINI;323
BALLARINO;323
CORDONE;323
DEGANO;323
BONALUME;323
MAGNIFICO;323
AGOSTI;323
GIAMBELLI;323
FATIGATI;322
DILIBERTO;322
DEMURU;322
DESCALZI;322
PEYRACHIA;322
STALTARI;322
GALLO;322
PROPERZI;322
SABELLA;322
BONACCHI;322
ALBRISIO;322
CAGGEGI;322
MALIZIA;322
MARLETTA;322
GALANTINO;322
FINOTTO;321
SORVINO;321
VASILE;321
BETTI;321
FRASSI;321
PONZELLI;321
SQUIZZATO;321
PEDERODA;321
SIDDI;321
ZENO;321
ANGELILLI;321
BETTONI;321
SANSALVATORE;321
BURDO;321
FOLLETTI;321
SANNINO;321
FRANCALANCIA;321
BONTEMPI;321
SANTIA;321
NUSCHESE;320
ROFFI;320
MASCALI;320
CORTESI;320
CORNI;320
ARPINI;320
STRANGI;320
COZZOLINO;320
BAGARDI;320
MAZZARELLI;320
GIAMBO';320
GLIOZZI;319
COCOZZA;319
GASTALDELLO;319
DEMARCHI;319
CREVANI;319
AJUTI;319
BERTEA;319
CESARINI;319
BOCALETTI;318
DEMO;318
ARGENTI;318
MANGO;318
CARDINO;318
CARNOVALI;318
MICHELI;318
GIOVENZANA;318
MONASSO;318
GUBERNATI;318
RICASOLI;318
FORNARINO;318
FIGARI;318
TAIBBI;318
FOZZATI;317
PARZANI;317
BALSAMO;317
FERRAZZANO;317
SECCIANI;317
CUSINATI;317
VICINI;317
CALLIGARO;317
REBUZZI;317
TANZINI;317
GALLONI;317
SERVELLO;317
CRISCIONE;317
MINNOZZI;317
BARDI;317
GIACCO;316
BIRARDI;316
PAVIA;316
AMATO;316
GUMIERO;316
TOLDO;316
URZI;316
GRAZIADEI;316
SAROTTI;316
BALDESSARI;316
ZAMPARESE;316
MERCANTINI;316
MORTONI;316
BASCHIAZZORRE;316
TRIGOSO;316
STIGLIANI;316
ZAPPELLI;316
SAVELLA;316
PEDRINELLI;316
CIFONE;315
FAGINI;315
AGAZZINI;315
MURABITO;315
ZALIANI;315
CAMPANALE;315
PRETI;315
GABELLA;315
GRAZZANI;315
FERONATO;315
BIGNAMI;315
CALAMIDA;315
PANGALLO;315
GRIFFI;315
ALBERTAZZI;315
SANDRA;315
ROSSELLINO;315
LONGINO;315
SIGNORI;315
CANDELA;315
GALLI;314
BALDUCCI;314
FAVALLI;314
SAPONARA;314
PADRONAGGIO;314
BERNOCCHI;314
CREMAGNANI;314
BOSSETTI;314
DEBATTISTA;314
BRAMATI;314
IANNUZZI;313
ANTIMI;313
LIONETTI;313
COLOMBERA;313
MAZZUOLO;313
DEIANA;313
MAGALETTA;313
DI-PIETRO;313
POERIO;313
SCANNAPIECO;313
CONCAS;312
TRAINI;312
GUICCIARDI;312
MANDRIOTA;312
PISCHEDDU;312
ANZELMO;312
FERMAN;312
PELLITTERI;312
BRINO;312
SCAGLIONE;312
PALA;312
PALUMBELLA;312
BERNUZZI;312
D'ADDARIO;312
MANFRIN;311
MACCIO;311
MENGHINI;311
MANDRELLI;311
BORGHINI;311
SABADINI;311
RADICE;311
TULLIO;311
COSMI;311
COGNETTI;311
CELIA;311
BEZZO;311
MARIOTTI;311
PETTO;311
CLAUDINI;311
BIFFI;311
BRAJ;310
BERGOLO;310
PIROLA;310
COZZO;310
MANIN;310
MASTRANGELI;310
BIROLINI;310
GOTTARELLI;310
LUDOVICI;310
PEDRAZZI;310
CASSARA;310
ZAMPEDRI;310
MAVRICI;309
DEODATI;309
SALOMON;309
FIORAVANZO;309
TATULLI;309
GANZERLI;309
PAVONI;309
QUIRICO;309
ZULLO;309
BAGATO;309
LAVESI;309
ARMELLON;309
BAZZARA;309
CASALECCHI;309
ARALDO;309
MOLIGNANI;309
VARISCHETTI;309
ISAIA;309
MACHI;309
ZECCHI;309
TILOCCA;309
CARUSONE;308
ZICOLA;308
GULLA;308
SCOLA;308
MASIELLI;308
PELOSO;308
SISTU;308
TURCINOVICH;308
TOLOMEI;308
PALMIERO;308
CANNAVARO;308
CASSIA;308
MAZZARINO;308
PELLEGRINI;308
SESSI;307
BALLERINO;307
PETROZZA;307
SCALISE;307
MIANINI;307
BIAVATI;307
CALATABIANO;307
PIROVANI;307
CULOS;307
QUINTE';306
BOLATTO;306
CUCINIELLO;306
ZADRA;306
MUCCIOLO;306
FRANZINI;306
BUSSOLI;306
GOTTARDO;306
FERMANI;306
SCARONI;306
SCRIVANI;306
GERACI;306
FRANCIOTTI;306
CHIAPPUZZO;306
GALVANO;305
FOLLINI;305
DACCO';305
PAGLIARO;305
MONACI;305
MARANI;305
NUNEZ;305
MUSSOLINO;305
VOLTOLINI;305
ALBINONI;305
COLUGNATTI;305
TESSAROLO;305
BOSCHI;305
FIORENZANO;305
AGNUSDEI;305
LEOCATA;305
FRIGERI;305
PEDRETTI;305
PANUNZIO;305
PREIANO';305
MUSELLA;305
ASINARI;304
GIACOBBO;304
ARZANI;304
GUGLIELMI;304
LIBERA;304
PARDO;304
MICERA;304
PALUDETTI;304
CAVUOTO;304
LOMASTRO;304
GRISANTI;304
ZAMPRONI;304
TOSTI;304
BOCCALETTO;304
MEMOLI;304
ALBERTARIO;304
LIBERATA;304
MARASCA;304
MELI;304
GRIGOLLI;304
LARAIA;304
BRENCI;304
FANTINO;304
PRINCISVALLE;304
BIZOZZERO;304
TAMANTI;303
ALIOTO;303
BENEVELLO;303
FROSI;303
ALDERICI;303
DIGIUNI;303
MASTANTUONO;303
ZUCCHELLI;303
SERFILIPPI;303
RACCAR;303
BRANDOVARDI;303
BULDRIGHINI;303
ZUMMO;303
GALINI;303
PANIGAZZI;303
RICCARDI;303
TIRONE;303
D'AMBROSIO;303
BARBOLINI;303
MADINI;303
TRIPI;303
CANTONI;303
SALAMONE;302
VINCIS;302
PAESI;302
TUROTTI;302
ZOTTINI;302
GIANNICHEDDA;302
RONCONE;302
STOCCO;302
MOSCHETTI;302
DONINI;302
DESENZANI;302
PAES;302
MELILLI;301
GALLERANI;301
SANTORO;301
PIFFERI;301
CARRAU;301
BARBAGALLO;301
MONTESANO;301
TAINO;301
SPRELA;301
PITARO;301
DEPECCATI;301
CANE;301
RIBISI;300
MAZZONI;300
SERENO;300
TUFANISCO;300
BARBIERI;300
BUA;300
CURCI;300
GORRA;300
CARNOVALE;300
VESPUCCI;300
BORZINI;300
RIZZETTI;300
ALESCI;300
FAVARO;300
FALSONI;300
LAMOTTA;300
GIAVARINI;299
TUMELLO;299
CURIO;299
BAMPA;299
BINETTI;299
PIETROSANT;299
FRANZELLI;299
ARRIGHI;299
FAUSTO;299
BELLANDO;299
CUSINI;298
CATTINA;298
BURANA;298
FORONI;298
PAGLIARI;298
BOTTANI;298
GAVA;298
GIALLONARDO;298
CECCARDI;298
TEBALDI;298
CASTRO;298
ZANCHETTA;298
PAJELLO;298
AVERSANO;298
CALVI;298
SIMONCINI;298
FERRACUTI;298
MIGLIORI;297
GHILLANI;297
SCHIPA;297
BUSCAGLIA;297
RAVIZZA;297
SGARGI;297
BORTOLI;297
QUAGLIETTI;297
LEONELLI;297
PALUMBI;297
UBERTI;297
ZOTTI;297
COSTARELLA;297
PANI;297
CAMPANILI;297
CREMONESE;297
PALLINI;297
CHERCHIA;296
PIRANDELLO;296
MAZZILLO;296
ACCIAIO;296
MERIGO;296
ALFERO;296
SUSANNI;296
SIBALDI;296
PAISSAN;296
GAIBOTTI;296
QUERI;296
CASCIANI;296
CRISPINO;296
MAINA;296
BALZAROTTI;296
RONCAIOLI;295
ZAVATTA;295
ACERBO;295
CALABRO';295
MASSIMILIANI;295
GUALINI;295
DARDI;295
LOREDANI;295
ZIVIERI;294
GRADI;294
GIUFFRE';294
MOISO;294
RACHINO;294
MARUCCHI;294
SARACINI;294
TURRER;294
RINOLDI;294
FELLET;294
USEGLIO;294
TARALLO;294
MACONE;294
MALFA;294
LISSANDRI;294
BRAGHIERI;294
MASETTI;293
GRIFEO;293
MASCHERPA;293
ZOCCA;293
LEGNANO;293
BOCCA;293
SCAPIGLIATI;293
OLIVA;293
CASIRAGO;293
OTTONE;293
FIAMINGO;293
MALESANI;293
PRADEL;293
LICCARDO;292
CASAGRANDE;292
MERATI;292
ARDIZIO;292
SORA;292
ANDRUSIANI;292
BIADEGO;292
RUOTOLO;292
PELIZZARO;292
BELTRAME;292
LETO;292
FERRONI;292
ROBBIANI;292
CARATTI;292
NORDIO;292
FOLGARAIT;292
GAVINI;292
LOPETRONE;292
IAVARONE;292
BELLOMI;291
FERRO;291
CEOL;291
ARENI;291
BIGIOGERO;291
DELEDDA;291
CALANDRIA;291
GALLERINI;291
SANSONI;291
GULLOTTA;291
CURTI;290
VISENTIN;290
SCHIAVI;290
SEGHIZZI;290
LEGULEO;290
SISINNI;290
TORNO;290
CORONA;290
STEFANONI;290
LANZA;290
GASPARI;290
ABATANTUONO;290
RIGON;290
SELVAGGI;290
CASATI;290
TETTAMANTI;290
FABBIANO;290
GUIDI;290
PIZZOCRI;290
RATTI;289
ALTINIER;289
MASSIRONI;289
DAFFONCHIO;289
MINET;289
DONADEO;289
ALEMANNO;289
RIGANTE;289
TUZIO;289
ARMAGNI;289
SAVOLDELLI;289
DELFABRO;289
SERAVALLI;288
ROSSELLI;288
FRAGALA;288
MANDELLI;288
FRACCHIOLLA;288
CHIAPPA;288
MASETTO;288
MONZANI;288
PILO;288
TUPPUTI;288
RUBUANO;288
SOMARELLI;288
TURI;288
BIAVASCHI;288
SANGUINETTI;288
CAPOTOSTI;287
SALVUCCI;287
MUSSATO;287
ALBERICI;287
MOLINARI;287
ZANCO;287
NISI;287
MOSCHEN;287
ALO';287
PERRONI;287
MEDA;287
FORMENTI;287
CAMPANELLI;287
IOB;287
OPPIZIO;287
BELOTTI;286
GERMI;286
ZANDONELLA;286
MULEDDU;286
CREDO;286
CAICO;286
FALCIONE;286
SEMBENOTTI;286
MINA;286
PERGOLIZZI;286
REGGIANI;286
MONTRASIO;286
ZADRO;286
PALLINO;286
NAPOLETANI;286
MINOLFI;286
BOCCALETTI;285
PECORARI;285
MAESTRELLI;285
BIONDA;285
LISSANDRINI;285
MIANI;285
BUSI;285
GALASSI;285
VEZZONI;285
BARTOLOZZI;285
MATONE;284
MOAL;284
FIORUCCI;284
BARGIACCHI;284
FERRISE;284
MARUCA;284
MINOJA;284
BONETTI;284
RONCIONI;284
ABATICOLA;284
FANTONI;284
BORTINI;284
MOLINETTI;284
RASTELLO;284
BUSANA;284
QUARANTA;284
AVANCINI;284
DELL'ATTI;284
DEFILIPPO;284
MALLICA;283
BADALUCCO;283
LOPOMO;283
ZORZENON;283
SALVIATO;283
BORRELLO;283
REALE;283
FUMEO;283
CESARETTO;283
CHIARA;283
CIREDDU;283
ANDREAZZO;283
AURICCHIO;283
GOY;283
ARBORETO;283
CASTRACANE;283
TOMMASELLI;283
FRANCHI;282
STUCCHI;282
CROPELLI;282
D'ALOJA;282
GAVINO;282
BARATTI;282
CULOSI;282
STUCCO;282
TODERO;282
SPAGNOLI;282
CIAMPI;282
MARCONETTI;281
SERIO;281
PIUMA;281
PICCHINI;281
ALFINI;281
AVERSANA;281
RIGONE;281
MASERATI;281
SALEMI;281
ZENI;281
ARDIGOOCO;281
GERMINI;281
PELACANI;281
BRIANZA;281
CARO;281
ROMANELLI;280
FLACCO;280
MEDVES;280
PASCUZZO;280
PAROLARO;280
VANNUCCINI;280
GAZZOLA;280
CAPERDONI;280
RUBATTO;280
BOSSOLETTI;280
ZACCARA;280
MIRABILIA;280
PETRUCCI;280
GIANICOLO;280
MEREGALLI;280
ZAMATI;280
MUSAZZI;280
SEVESO;280
TAROZZO;280
CAFIERO;279
DOTTI;279
BOCA;279
CHIERICHINI;279
PARAGIANI;279
CALANDRELLO;279
PISCIOTTA;279
MASSIGNANI;279
CARCIOFALI;279
MAIOLI;279
ROBERTONE;279
POLI;279
FOIS;279
ALTOBELLI;279
SANTON;279
GRASSO;279
REZZOAGLI;279
STRIANESE;279
PERUZZO;279
REBIZZO;279
MANNINA;279
VIOTTO;279
ANDREIS;278
LENZO;278
PIRAS;278
PETRUZZELLI;278
SORBA;278
ARDIZZI;278
MICALETTI;278
BERNARDINO;278
POILLUCCI;278
CATONI;278
BONFANTE;278
MODONUTTO;278
STILLANTE;278
PAGANELLI;278
TROMBINI;278
MONTEMERLI;277
CANTILENA;277
ACCIARO;277
LAROBINA;277
CARMELI;277
RAGGIOTTO;277
MONTEMA;277
SPINOSO;277
SACCARO;277
SAUDA;277
CARLI;277
MANNA;277
FRATTA;277
GRIMANI;277
LENTINI;277
DANOVARO;277
RICCUCCI;276
DE-ANGELIS;276
D'ERRICO;276
PICCHI;276
ZORATTI;276
VESCHI;276
ALBERTIS;276
MONCI;276
ECCHER;276
GOTTARDINI;276
CASALE;276
FIORAVANTI;276
GUIDONE;276
RUSCONI;276
CALVANESE;276
PATIRANI;275
NAITANA;275
TAFURI;275
BENCIVENNI;275
PROTTI;275
TELA;275
PASQUA;275
VASETTI;275
CARMINATI;275
BERNAZZANI;275
CIMMINI;275
PREVOSTI;275
BENINCASA;274
CARACCIUOLO;274
NOTARISTEFANI;274
URRIANO;274
D'AVANZO;274
GEROLDI;274
GIORDANI;274
TAME';274
DELMATI;274
MARNINI;274
BERRUTO;274
CRABA;274
MUSSNER;274
MICHELON;274
CAIOZZO;274
SCHIAVONI;274
MAZELLI;273
PLATINI;273
FRANCISCI;273
PREDIERI;273
PILLA;273
SOLLAI;273
GO;273
FERRERI;273
ORIOLO;273
BAJETTI;273
LAZZARINO;273
FURIOSI;273
GRISONI;273
FERRISI;273
IENCO;273
POLETTO;273
PALLADINI;273
PIETROSANTE;273
BRUZZONE;273
ANTONIONE;273
PITTAMIGLIO;272
GRIONI;272
BERLUSCONI;272
BERSANI;272
GHIGLIOTTI;272
SCAPINO;272
VERDI;272
GALEOTTA;272
ZANOTTI;272
VAGHI;272
CARRA;272
MOZZANICA;272
VASI;272
BORRACCI;272
AVALLONE;271
BRATTI;271
FISSIRAGA;271
FIUMI;271
GRUPPELLI;271
CILFONE;271
PANASCI;271
PRENCIPE;271
LEONELLO;271
ZEPPONI;271
MELI';271
CANNIZZARO;271
BOMBELLI;271
PANUNTI;271
LEOPARDI;271
D'ORLANDO;271
SALADINO;271
GIUSSANI;271
NICOTERA;271
MACCARONE;270
SCAPPINI;270
MONARO;270
SPINELLI;270
GIOIA;270
APOSTOLO;270
DAVERIO;270
BRANDIMARTE;270
INCARDONA;270
ICARDI;270
TOSCANI;270
FILONI;270
GROPELLI;270
PEZZINI;270
MANGIAMELI;269
ARCHIERI;269
GIUGGIO;269
CESCOLINI;269
IACOVELLI;269
DUTTI;269
CALCAGNINI;269
DEFENDENTE;269
BURATTO;269
TANINI;269
GIACOMELLI;268
AMORUSI;268
SUZZANI;268
SCHIFANI;268
ALAMANNI;268
CONDRO';268
MINIMI;268
ALAGONA;268
CAGEGI;268
LIBERTI;267
REPUPILLI;267
GIUBBINI;267
MASSARELLI;267
FERRE';267
VECCHIO;267
SANTONI;267
BUS;267
BUSSOLO;267
APPIANI;267
POGGI;267
PROIETTI;267
SAPIA;267
VODOPIVEC;267
PERUGINA;267
CORAZZA;267
MARTINENGHI;267
TREVISAN;267
ALU';267
MORI;266
TRAPE';266
GIURATO;266
PIROZZI;266
TURINO;266
MAENZA;266
POLETO;266
BONIZZONE;266
COMUZZI;266
PALUCCIO;266
FEOLI;266
PEDRINAZZI;266
BORAGNI;266
ALBERTO;266
CERESA;265
NATERI;265
NOBILE;265
MELFI;265
CARANO;265
GHIDONI;265
CARAMELLO;265
ZANFINI;265
VANZO;265
ARISCI;265
ETERNO;264
TAFFARELLO;264
COLOGNESI;264
BONIPERTI;264
GALIANI;264
DONADONI;264
NIEDDU;264
CARIDDI;264
SALVEMINI;264
PENNISE;264
RODRIGHI;264
RAMUNDO;264
BREDA;264
BALBINI;264
ARDESI;264
MAJORANO;263
PETRIOLI;263
BREGALLINI;263
CAVENAGHI;263
ANZUINELLI;263
PELLIZARI;263
DORIGO;263
GOVONE;263
BONGIOANNI;263
TOSOLINI;263
LODIGIANI;263
ZACCONE;263
IDDA;263
PASSAFIUME;263
MADIA;263
PIANTANIDA;263
SOBRERO;263
MOROCCO;263
BENZI;263
LANDOLFO;263
PEZZIMENTI;263
PIACENTINO;263
COCCO;263
FRUSIN;263
PORTINARI;262
BLASINGER;262
FENECH;262
CALABRö²;262
PERTINI;262
ATENIESE;262
COSTAMAGNA;262
ZAZZERO;262
VENTURI;262
IANDOLO;262
ZUCCHI;262
MASTROPAOLO;262
VIGNOLI;261
BERNARD;261
ANTIOCO;261
CIRESA;261
LUCCHETTI;261
TORNIELLI;261
BAIAMONTE;261
GAETANI;261
RIVALTA;261
MANFRONI;261
STURLA;261
CABRAS;261
DONISI;261
CANALAZ;260
TRECCANI;260
SCORZELLI;260
BORDIGNONI;260
GORELLI;260
MIOR;260
BALOCCO;260
UGOLINI;260
SIMI;260
ALLIATI;260
GRILLETTI;260
LOI;260
BALDOLINI;260
DONNINI;260
MERIGGI;260
IABONI;260
MUSTU;260
RAGGIOTTI;260
CARNEVALE;260
MIGLIO;260
VALLISNERI;259
MERZAGORA;259
MANTI;259
ZILLIO;259
BOI;259
SEVERGNINI;259
GODEAS;259
BERTÒS;259
CORBELLINI;259
LAISO;259
NOVAZZI;259
ZUPPA;259
SCARONE;258
GENOVESE;258
BELLIBONI;258
COLOMBARI;258
BRUSCHETTI;258
CALOPRESTI;258
STRADIOTTI;258
VIGNALI;258
PIRANDELLI;258
BASTIA;258
POMIATO;258
BENIZI;258
MARCHIORI;258
TARIBELLI;258
RINALDI;257
VARGIU;257
MASTROMARINO;257
BADALATO;257
SORICE;257
BACCELIERE;257
CONZO;257
BERGOMI;257
LOIUDICE;257
VENTRIGLIO;257
CASTAGNERI;257
CAMERAN;257
VALESI;257
CACCAVELLA;257
BINETTO;257
ILARIO;257
USSEGLIO;257
BONZI;256
DEFRANCESCHI;256
TURATELLO;256
ERBETTA;256
ASQUINI;256
ADDA;256
MONTICELLI;256
SINIBALDI;256
FOGLIAZZA;256
MASSIMINI;256
CASARINI;255
PELLETTO;255
MASCARONI;255
MAZZEO;255
PROIETTO;255
ALGHISI;255
LAROSA;255
CESARATTI;255
BOGLIO;255
CIRILLO;255
LOTITO;255
DINI;255
CUMER;254
SPORCHIA;254
VALENZI;254
CORBARI;254
MORATTI;254
BAIOCCHINI;254
TIBERIO;254
BIZZOCA;254
BERTANZI;254
CASASOLE;254
PICCIN;254
RIPAMONTI;254
CASAROTTO;254
MARRONE;254
FAPPANI;254
PEROTTI;253
PORATI;253
SPIEZIO;253
MELE;253
ROCCHI;253
TAGLIAPIETRE;253
BOER;253
TORTORA;253
CASTRACANEI;253
CORONGIU;252
PASSERA;252
PIZZO;252
GAGGIO;252
SICHIERI;252
MIRANDOLA;252
MUCCIOLINI;252
BUFALINO;252
PEZZOLO;252
FOSSATI;252
PIZZARDO;252
CABONA;252
CAMPOMIZZI;252
MAGGIONI;251
AICARDO;251
BERTACCHI;251
SPAGNA;251
PAUTASSO;251
CHIARION;251
DAVICO;251
RAZETI;251
TAGLIA;251
IACOPINI;251
FERRAGUTTO;251
CALI';251
GORIANI;251
CASSANEGO;250
MINI;250
SALVIATI;250
FLORA;250
ERROI;250
BITI;250
FRARACCI;250
PAOLETTI;250
BOVA;250
CANGI;250
FERRIERI;250
AREZZINI;250
BERTOLI;249
CIMMARUSTI;249
BUSSOLA;249
PIU;249
RACCARO;249
ROVEGNO;249
CASTELLANI;249
PACINO;249
STOPPANI;249
ALASIA;249
SCANDELLARI;248
VIGLIA;248
CERVI;248
CIRIGNANO;248
ARCELLONI;248
ADAMO;248
FRANCESCHINO;248
GUARALDI;248
FEDA;248
AMATORE;248
VIGNATO;248
CILFONI;248
PRADELLI;248
MONTALTI;248
RAVEGNANI;248
SIMINA;248
VESCE;248
MAZZANTI;248
ZORDAN;248
BONADEO;247
PELLETTIERI;247
IERARDI;247
RESCIGNO;247
ANZILE;247
PAOLINI;247
PIERGIOVANNI;247
CARFORA;247
CIRROTTOLA;247
BALISTRERI;247
PELI;247
BERTAGNI;247
VESCO;247
CUCCUS;247
SCARLATA;247
LATIN;247
BUGNI;247
VOLPE;246
MORESCHI;246
TOMARCHIO;246
CAGNOLA;246
SCORPO;246
GIUNTI;246
RECINA;246
GIROTTO;246
ALBERGHINI;246
PESCI;246
SPINA;246
MASILLO;246
ROVEDA;246
STORRI;246
CAMPAGNOLI;246
POLLINI;246
BALLATORE;246
SABIDUSSI;246
MOSETTI;246
RUPERTI;246
ZAMARA;246
ZANELLI;246
PESATORI;246
PARAVATI;245
BELPERIO;245
MINNITI;245
VANZULLI;245
GILARDINO;245
FENAROLI;245
MAZZOCHIN;245
GALLIANI;245
LOFARO;245
SANZO;245
MAGRINO;245
BARZAGHI;245
LUCIANI;244
TRAVERSINO;244
POGGIATO;244
TENDAS;244
PELLEGATTA;244
BIA;244
GIACONI;244
GIANI';244
CASAMASSA;244
COUTANDIN;244
VENTURA;243
IUCULANO;243
POLESEL;243
PARMEGGIANI;243
PENNACCINI;243
BIGGIOGGERO;243
PODESTA';243
FENU;243
LICCHELLI;243
MAGISTRELLO;243
FLORIDIA;243
LANDONI;243
GUERRESCHI;243
BOTTICELLA;243
ALFINO;243
GEMELLI;242
MIGLIETTI;242
BOTTARIN;242
PEZZIA;242
CARACCIOLI;242
GUIZZARO;242
AMENDOLA;242
AVENI;242
MALOSSI;242
AVOGARI;242
ABBATELLI;242
ZIVERI;242
COLOGNI;242
GABALLO;241
POLLONI;241
MANONI;241
PADOVANI;241
PICCOLIS;241
CULOSO;241
FEO;241
DI-PALMA;241
FLAMINI;241
CROGNALE;240
GRUGNI;240
BOVINO;240
BRAGATO;240
ABRIONI;240
SOLDI;240
VALENZA;240
GANZETTI;240
SALNITRI;240
BERTOLLI;240
FRASISTI;240
PUTIGNANO;240
BRIZZOLARI;240
CELANI;240
ZANDOMENEGHI;240
RADICCHI;240
ROLGI;240
MILAN;240
ARDOVINI;240
CAMARRA;240
DEMARTINI;240
CRIVELLI;240
RECAGNI;239
PALOMBI;239
ROSCIGNO;239
ILARIUCCI;239
PANNUNZI;239
DEZZA;239
MARUCCIA;239
DELL'AIA;239
FRUSCI;239
ORTOLAN;239
TROLIO;239
TAVEGGIA;238
SIMONCELLI;238
PAPALEO;238
MAZZANTE;238
LAMI;238
D'ALENA;238
PILLITTERI;238
CARNELLO;238
AGNELLI;238
BAJOCCHI;238
BURANELLI;238
SPADAFORA;238
PIAGNERI;238
DIONISI;238
BETTAZZI;238
BITTARELLI;237
LUCARELLI;237
MUSSIDA;237
LETTIERI;237
CROTTI;237
BELMONTE;237
LECCARDI;237
ZAGORDO;237
SICUTERI;237
MASO;237
TARDIVO;237
MENGHI;237
MAZZOLO;237
LAMAGNA;237
PIZZOL;237
CORPO;237
GUZZO;237
PILONE;237
CANDIANO;236
TANINO;236
BRANCALEONE;236
ADESSO;236
FORLI';236
ZALTRON;236
ZUFFADA;236
TAMURRI;236
LELLI;236
TROMBATORE;236
CALZETTA;236
ZACCAGNO;235
ELTRUDIS;235
BAIAMONTI;235
RAVAZZINI;235
BIAGINI;235
MAJO;235
PAVANELLO;235
ANTONINI;235
AVOGADRI;235
CONTALDI;235
SCAFFIDI;235
RAINOLDI;234
ORMELLA;234
ZOCCOLANTI;234
FASSETTA;234
ROVERSO;234
RUNDEDDU;234
BELLARIA;234
CREMONINI;234
DIVERIO;234
BIANCAT;234
PASSAMONTI;234
CUCCA;234
GUARIBERTO;234
GIUMELLI;234
FORNARINI;234
TORNESI;234
ZULIANI;233
D'ALU';233
SERAGNI;233
MIRABILIO;233
LOGIUDICE;233
DAGOSTINO;233
PIOVANO;233
SILINI;233
AVANZINO;233
BAJETTA;233
CASTAGNOLI;233
PAVAN;232
AGIRMO;232
STIA;232
TACCOLI;232
FONTANAZZI;232
CORSO;232
CHIARELLI;232
MARTELLENGHI;232
CIRONE;232
PARRI;232
PANDOLFA;231
CORPI;231
GUSTAVINO;231
GALLUCCI;231
LAMBIASE;231
BONCIO;231
VIVENZIO;231
MARAGLIO;231
DECAPITANI;231
PETRUZZI;231
PARAZZOLI;230
SANTAMARIA;230
PIZZIGONI;230
QUEIROLO;230
TURRINA;230
CECCARELLI;230
ANNIBALE;230
SARDINA;230
TOAJARI;230
TRONCONI;230
OBIZZO;230
GUARNOTTA;230
MIGLIETTA;230
ZECCOLI;229
MORRICONE;229
DEGHENGHI;229
ZANELLA;229
SICILIANI;229
DORMETTA;229
RICETTI;229
MICHETTI;229
MONGHI;229
SPINOSI;229
GUCCIARDELLO;228
CIACCIO;228
RUOZZI;228
CIMARRUSTO;228
BALSAMELLO;228
PRECI;228
CAVALIERE;228
FORESTI;228
GASPARONI;228
BIGLIA;228
TADIOTTO;228
GUNELLA;228
CALCAGNINO;228
CREMONA;228
ALEMANI;228
PIGNATARO;228
VITALONI;227
TODARI;227
SCALCIONE;227
TAVANO;227
PILOTTI;227
FRARE;227
CALDI;227
RINIERI;227
AVELLONE;227
PULVIRENTI;227
VACCA;227
BONAJUTO;227
PEDROCCHI;227
CAPORALONI;227
GRILLI;226
PORTONARO;226
BORMETTI;226
SORBO;226
MARINI;226
CICCARELLI;225
BECCALOSSI;225
BORGHESE;225
MARCHESONI;225
AMALFI;225
SESSA;225
FINOCCHIARO;225
IGNAZI;225
MANTEGAZZA;225
FOLLI;225
CHIARI;224
PAPEI;224
GINOSA;224
TOMMASINI;224
CRUCIANO;224
GERMANO;224
CATTONARO;224
PEROSI;224
CARFAGNA;224
DEROS;224
PATACCA;224
GORNI;224
BRANCATI;224
DONATINI;224
CASSETTO;224
MAMBRETTI;224
BATTIATO;224
MAGISTRO;224
CEFARELLI;224
PICA;223
NOVELLINO;223
MANDRINI;223
ZANGANI;223
CURIALE;223
GUIZZARI;223
FARIOLO;223
PRESTIGIACOMO;223
FANTOZZI;223
ANTOLA;223
CALIMANO;223
FUSELLA;223
SEMBENICO;223
SAVELLO;223
DORE;223
ASTI;223
GRISOLIA;223
GIUGLIANO;223
BACCINO;222
MANSI;222
ILARI;222
GIOMMI;222
INFANTOCCI;222
GELLERA;222
LEONETTI;222
PODENZANI;222
ARBUCCI;222
FORNERI;222
ARDEMANI;222
PATERNO';222
SPEZIGA;222
AMORINO;222
BIAGETTI;222
CORI;222
NERINI;221
CARIONI;221
LAUDISI;221
ARNAUDI;221
BATTELLO;221
CARDILLO;221
MATTANA;221
PARENTE;221
CASABIANCA;221
MARTELLINI;221
PIETRANTONIO;221
MICELI;221
ABBA';221
PROSDOCIMI;221
GOLINO;221
GOGLIO;221
CIMAROSTO;220
PANGALLI;220
APOLLONI;220
MORELLI;220
MAURI;220
FAZARI;220
VALSECCHI;220
FIORINI;220
ZUCCATOSTA;220
ZAMPITO;220
PERUGINI;220
SCARCELLA;220
SCONFIETTI;220
SARDANO;220
TRASI;220
DOMICOLO;220
GALVANINO;219
STRAGAZZ;219
FACCIO;219
D'AQUINO;219
RANCATI;219
FULCONIS;219
CONSOLE;219
TOTARO;219
BORGHETTI;219
SANFRANCESCO;219
CHIARIELLO;218
SALPETRO;218
IACOPINO;218
URSI;218
FAINI;218
MURRONI;218
CRISTOFORI;218
D'ANDREA;218
CERRATI;218
GALASTRI;218
PROVENZANO;218
FRAGOMENI;218
PIEVANI;218
TORREGGIANI;218
VECCHIONI;218
AMONI;218
REVERZANI;217
UGGETTI;217
NICHELE;217
AUTUORI;217
FERRARINI;217
BORZILLI;217
GORO;217
CALTABIANO;217
LONGARO;217
VALLE;216
GAGLIO;216
FIRINU;216
GUADALUPI;216
BADESSA;216
BAVASTRO;216
PORRU;216
VICO;216
MOALI;216
GAGGERI;215
PUNZO;215
CECCON;215
PRINA;215
SANITATE;215
PATUZZI;215
TACCHI;215
BOSETTI;215
PESCATORI;215
MIROTTI;215
NORCIA;215
BIAMONTE;215
BEVERINA;215
LANZAVECCHIA;214
PIZZINI;214
GUISCARDO;214
PALLADINO;214
BRASCA;214
LAZZAROTTI;214
CARACRISTI;214
SERVENTE;214
SCARZO;214
FABRIZZI;214
MULAZZANI;214
ZAPPACOSTA;214
BOZZA;214
BARRUFFO;213
BOLIGNANO;213
PANICO;213
ZUCCOTTI;213
PIAS;213
SESSO;213
ALDUINI;213
LAMBRUSCHINI;213
SBARAGLIO;213
PATI;212
SASSONI;212
BATTEZZATO;212
CERULLI;212
PISTORIO;212
IUDICELLO;212
BARBE';212
PALOMBELLI;212
TALLEVI;212
NERI;212
BACCELIERI;211
GAROFALI;211
ABBRUSCATO;211
AGUZZI;211
AMADEO;211
CARUGATI;211
TALAMI;211
VIGNATI;211
VALANIA;211
BERTOTTO;211
VIVENZA;211
MAGNABOSCO;211
TASSARA;211
PARATI;211
GENTILE;211
ALBINO;211
VITELLIO;211
LORENZOTTI;211
GALAZZO;211
ZILLINO;210
ARPINO;210
FRANCESCATTI;210
CUNEGATTI;210
VIDON;210
REA;210
URSONE;210
MIRABELLI;210
DIMATTIA;210
CANALE;209
TUSSI;209
CORSI;209
BECHI;209
SPIZZI;209
PETRARCA;209
BERSANO;209
PECORONI;209
FRATTOLA;209
LEONI;209
ANTONIOLI;209
PLUTINO;208
ARGENTIERO;208
RANGONE;208
SALNITRO;208
PREBIANCA;208
CADELLI;208
D'ORAZIO;208
FEREGOTTO;208
PALMIOTTI;208
DELL'ERA;208
PORATO;208
LEZZO;208
DAINESI;208
COLAVITO;208
PIZZICAROLI;208
MILILLO;208
BIANCHI;208
MAGNO;208
ROVITO;208
ARIANI;208
MICICCHE';207
FACCHINETTI;207
URZINI;207
LONGO;207
FARNESE;207
MONGILLO;207
ZENERIN;207
TELESE;207
LONARDO;206
BERTUZZI;206
GAMBERALE;206
RACAR;206
CHIARETTI;206
CAPOVILLA;206
CIARAMELLI;206
BRACCO;206
PONZIANI;205
PRESTIPINO;205
DIMINO;205
MOTTIN;205
FOLETTO;205
GUERINONI;204
GASPARRI;204
CORSINI;204
RENDINI;204
SERVIDA;204
GUELI;204
BESANI;204
CALIMANI;204
ZULLIANI;204
TROISI;204
MURATORE;204
BELTRAMINO;204
MANTELLI;204
BATTAGLINI;203
AMBROSIO;203
MARZANO;203
MARCI;203
CALDERARO;203
CALABRESE;203
RIPOLI;203
VACCARI;203
GIOVAGNORIO;202
DONDINI;202
RIZZETTO;202
SISENNA;202
SANZA;202
BOSSOLI;202
CIONI;202
RIZZI;202
TROLESE;201
CECCHERINI;201
SCARPELLO;201
BRUNELLO;201
SIVIERI;201
VITALI;201
DOMENIS;201
MARTURANA;201
BOSIO;200
LUVARA';200
MELLINO;200
FARACI;200
FRIGGERI;200
LANDONE;199
SACCOMANNO;199
PRAIANO';199
CRESPI;199
POMPILI;199
DEIDDA;199
STANBOGLIS;199
MEZZOGORI;199
CAMBRIA;199
ZEDDA;199
FULCONE;199
BRUSONI;199
OCCHINO;199
REMONDI;199
SICA;199
VALLEBONA;198
BERTONCINI;198
SANTAPAOLA;198
PAIELLI;198
CONTRI;198
SOTTILE;197
GUDERZO;197
VERGARI;197
PELAGALLI;197
PRATELLESI;197
ZAMMATARO;197
PERUCCHETTI;197
CADRINGHER;197
POZZAGLIA;197
SANDONA';197
QUERQUES;197
SERENELLA;197
MONACHESI;197
BERLANGERI;197
PROCOPIO;197
CAMAGNI;197
MICHELAZZO;197
FILIPPAZZI;196
ALBOINI;196
TURLE;196
ILARDI;196
TIBOLLO;196
CAPARROTTI;196
CIMINO;196
VALLARINI;196
GILARDO;196
CASINA;196
FRANZONE;196
CHIESA;196
D'AGOSTINO;196
RIMONDINI;196
BELLAVITI;195
MATELLI;195
TUOZZO;195
BOTTICELLI;195
CENTENARI;195
GRISOSTOMO;195
NATTERO;195
LARCERI;195
SCHIANO;195
ZAZZARONI;195
LANA;195
MALAGODI;195
UNALI;195
BANDIRALI;195
FALCONETTI;195
BENUSSI;194
DADDA;194
COMPAGNONI;194
VIMERCATI;194
GOZZI;194
PASSARETTI;194
BAGAGLIA;194
GORLANI;194
TOVO;194
ZACCHI;194
NENCI;194
GATTINARI;194
MAIOLO;194
CESARI;194
ARMANNI;194
COZZULA;194
GIMONDI;193
MARSILIA;193
CRUCCAS;193
SCURATTI;193
ALBONI;193
BERNICH;193
PLATAROTI;193
BELLUTO;193
BAJO;193
BERTAGNON;193
SALVADEO;193
ISELLA;193
MARSILLI;193
SPITALERI;193
SORRENTO;193
MAIENZA;193
ZIBORDI;193
GUERRESCO;193
GAGNOR;193
PALOMBIERI;193
MAGGIORE;192
MUCCIOLI;192
GARBOLI;192
GABELLIERI;192
PIRODDU;192
PIRELLA;192
CALISI;192
GOZZO;192
PRANDINI;192
BOLIA;192
MASTROTOTARO;191
LODDO;191
DELMIGLIO;191
MASSAFRA;191
STOCHINO;191
GIACCONE;191
SPIOTTI;191
MALDARI;191
TADDEI;190
GALLICO;190
CUCCHI;190
DURLO;190
NARDONE;190
MIRAGLIA;189
PELLICANO;189
SERANGELO;189
TANZILLO;189
SAINI;189
AMBROGI;189
TAMANZI;189
PARISE;189
ABATECOLA;188
CAMPOLUNGHI;188
MARASCO;188
TROIANI;188
PENSO;188
BAU';188
NUZZACI;188
GAMBARINI;188
PANTINO;188
FASANI;188
CRISOSTOMI;187
DEMARCO;187
CARINA;187
GLIELMO;187
BERTATINI;187
TOAIAR;187
ANTONI;187
SILVESTRO;187
BISCONTI;187
SPINI;187
BORZILLO;187
RONDININI;186
CADEDDU;186
GIBERTI;186
TOGNI;186
PIGANZOLI;186
ANTONIAZZI;186
LAGHEZZA;186
BEDINI;186
SOLDATI;186
LIGATO;186
RICCOBONI;186
FACCIOLINI;186
VICARI;186
GALLINO;185
CAROLEI;185
ABRAMI;185
AUTIERO;185
CIRINCIONE;185
BELMESSIERI;185
DALLARA;185
BERTAGNINI;185
FRUSCIONE;185
BALZARETTI;185
CAGOL;185
DURANDI;184
RACHINI;184
TARIBELLO;184
BONIFAZIO;184
CAVAGNOLO;184
FRASCHINI;184
ANTINI;184
APPINO;184
SAVIANI;184
CECCARDINI;184
CIPOLLA;184
BONIN;184
TURCHETTO;184
MAROSI;183
FRONER;183
BRINI;183
MANDA;183
BOGLIA;183
BELLEBONI;183
ARCHINTI;183
LARCINESE;183
BOZZI;183
CALOGERI;183
FORTAREL;183
NICOLINO;183
GIAIMI;183
CENTINAIO;183
ERCOLE;183
ZIRAVELLO;182
CASTAGNETTI;182
CASACCIO;182
CENTELLES;182
BERTUGLI;182
MAISANO;182
RAVELLO;182
MULAZZANO;182
MARINARO;182
FREGOSI;182
FORTINI;182
RICCHIUTO;182
SELMI;181
CAIAZZO;181
OLIVETI;181
GALVANINI;181
TONIOLO;181
ZAZZARO;181
MARINARI;181
MINGHI;181
SCHINO;181
PAVESI;181
COTZA;180
CERCA;180
SOLITO;180
PANIZZOLI;180
TURINI;180
RAPISARDI;180
PETROTTO;180
GUARNIERO;180
CASTELLO;180
MAZZOCCO;179
BERTON;179
BARZIZZA;179
SANBIAGIO;179
LAMBERTO;179
PILLON;179
PECORI;179
COLAMARTINO;179
BERZI;179
CAGNOLO;179
LADINI;179
CAMPIRONI;179
ALBONICO;178
CAUZO;178
CEGLIE;178
SIONE;178
REZZAGHI;178
SCARPULLA;178
REGGIARDO;178
ALTANA;178
FALASCHI;177
SEGGIO;177
PAPALIA;177
GRADA;177
SERRA;176
TERENZI;176
RIGONI;176
BULGARELLI;176
TUOTO;176
TOLETTI;176
NICHELI;176
BASILI;176
RONCAGLI;175
GHERARDI;175
PICCOLI;175
CAPRARI;175
ALBERO;175
CIOFETTI;175
SPITALERE;175
ASCIOTI;175
GENTILI;174
COLUSSI;174
CIRIGNOTTA;174
GAITI;174
ALLEGRANZA;174
ZAMATARO;174
PIERLUCA;174
SIGOTTI;174
CHIANALE;173
LEONARDI;173
COSCARELLO;173
POZZI;173
BUTTI;173
ZINETTI;173
VECCHI;173
CAPIZZI;173
GNESOTTO;173
MELILLO;172
CALÀ;172
GHIONI;172
COELI;172
BERTOLOTTI;172
BOCOLA;172
ABRAM;172
CITTERI;172
MARTINIS;172
CITERIO;171
ARGENTERO;171
MULE';171
ABBATANGELO;171
BAZZO;171
POGNI;171
MIOTTO;171
SCANTAMBURLO;171
PEZZOLLA;170
SERNESE;170
ANGELINI;170
MEMOLA;170
CALDAROLA;170
PIRONE;170
MARCHESI;170
MAGAGNIN;170
BOLATTI;170
ALGISI;170
ZUANELLI;170
GRAZIOLI;170
BASSICH;170
SASSO;170
SCOLZ;170
MORETTINI;169
FILZI;169
PASI;169
CORRADO;169
LUZZATTI;169
POLONIO;169
TADDEO;169
LIBONI;169
PIETRAMALE;168
PALESE;168
FALLACARA;168
ZAGORDI;168
SCAVUZZO;168
BERTOSSIO;168
CACCIAPUOTI;168
MARINO;168
MIRA;168
NOTO;168
VARDIERO;168
BALTOLU;168
MURA;167
ATZENI;167
VARANA;167
COLANTUONI;167
AMANTEA;167
FARINA;167
ARENA;167
BALDOLI;167
MASCHIETTO;167
BARRACCO;167
INGARAO;167
SOGGIRI;166
MASIELLO;166
ORCO;166
FRATTINI;166
APPIANO;166
GIUSTINO;166
FENOGLIO;166
ANGARONE;166
SANESI;166
MARAZZINA;166
GASPERINI;166
APORTI;165
BALZARINI;165
MASUINO;165
BISSARO;165
BALBO;165
USELI;165
BERTACCHINI;165
SIANO;165
LUCI;164
FARRIS;164
GALLINI;164
TERRACCIANO;164
MAURIZI;164
MARETTI;164
CRENNA;164
PALAZZINI;164
TARDY;163
PRIVITERA;163
AMELLIO;163
BERTOLDI;163
SILANO;163
MAZZARESE;163
SEBASTIANO;163
BARBARINI;163
ZUCCO;163
ROVARI;162
DELMONTE;162
MOSCHINI;162
SPEDIACCI;162
PISCOPO;162
SALA;162
BOCCATO;162
TOSA;162
MANFREDINI;162
NICOLETTA;162
IORI;162
BORIO;162
BAUDI;162
MARCHEGGIANO;162
FRATE;162
SARTIRANA;161
COMAROLI;161
POLCINI;161
ANTONIOTTI;161
FOLCHI;161
FANTIN;161
TOLEDO;161
ZENDRINI;161
IELPO;160
GUALAZZI;160
FIUMEFREDDO;160
ALLEGRINI;160
OTTAVIANO;160
SACCHI;160
SGARZI;160
PILUDU;160
RANOLDI;159
BEOLCHI;159
MANFRIDI;159
CAPOZZOLI;159
PEROZZINI;159
CADENAZZO;159
CHIRIZZI;159
AMADEI;159
LOIODICE;159
CRISPI;159
PETTINATO;159
GAMBARI;159
SCAFIDI;158
AUDISSINO;158
BOTTURA;158
TURCONI;158
MAIUOLO;158
SANTUS;158
ZILLO;158
NASATO;158
MUTI;158
ARMANO;158
COFFERATI;158
ANTINO;157
CITTERIO;157
ABATEGIOVANNI;157
VENEZIANI;157
AIELLO;157
MEDVED;157
VORABBI;157
NAPELLO;157
MONGELLO;157
MAUGERI;157
UGOLINO;157
ZURRIDA;156
POLLEDRI;156
BARATTA;156
GIUBBA;156
SOFFRITTI;156
BOVINA;156
SALOMONE;156
ALLEGRETTI;156
ROSI;156
FEDERICI;156
FIORE;156
GENERANI;156
SCURATI;155
TROMBADORE;155
GELDANI;155
GALIENI;155
CHIAINI;155
MARINONI;155
LIBORIO;155
TRASFORINI;155
GIRONDI;154
CORNARO;154
AMELLA;154
PALOMBELLA;154
LATORRACA;154
SCARTEZZINI;154
RENNE;154
SPIRIDIONI;154
BONACCI;154
BENVENUTI;154
GARBINO;154
BOBBIESI;154
BARACCA;154
D'ACQUISTO;154
CADORE;153
GALIMBERTI;153
DONNA;153
RENDINA;153
VERONICA;153
BONDANZA;153
ROSCIO;153
SCARPINI;153
BIZZARRI;152
ODONI;152
VILLA;152
CAIOLO;152
BULGARI;152
ACCORSI;152
GHISOLI;152
STEFANO;152
BATTEZZATI;152
GORTAN;152
CERONE;152
PAPALATO;152
AJELLO;152
SORU;151
GULINATI;151
MOGLIA;151
MATIZ;151
IAGULLI;151
CAPPELLI;151
CICCARELLO;151
PENATI;151
CARRERA;151
FIGLIUOLO;151
TANI;151
TAVERNO;151
CASTIGLIONI;151
TODERI;151
ROMAGNOLI;151
VALGOLIO;150
FOPPOLI;150
CHIAVARI;150
BONZO;150
PEGE;150
PANTELLI;150
RAISI;150
SELLARO;150
PAGNI;150
BARBOSO;150
PELLICARI;149
ANSALDO;149
INFANTE;149
ANTONIOTTO;149
MURRO;149
GUIZZARDO;149
BUDA;149
MASCOLO;149
DIONISO;149
TREMEA;149
FARONATO;149
TRENTI;149
ALOISI;148
VASSALLI;148
VESPE;148
BERTINI;148
PERANI;148
LENTO;148
PICCINELLI;148
ZANGRANDE;148
MEDDA;148
MARCHET;148
L'ABATE;148
LANFRANCHI;148
FELAPPI;148
CASTALDI;147
CAMOGLIANO;147
OPPIZI;147
MOSTACCHI;147
BRERA;147
MAINERO;147
LIZZA;147
MASSARENTE;147
CACIOPPINI;147
LARI;146
VINCENZO;146
BISON;146
TARALLI;146
DILECCE;146
CAMINATI;146
CANTALUPO;146
SARDINI;146
CARDAMONI;145
MAFRICI;145
RIBOLDI;145
RUBATTI;145
RIO;145
ALOJA;145
BRUNELLI;145
SBARZI;145
BIZZOZZERO;145
URPI;145
MEONI;145
CORNETTI;145
FRESCHI;145
GALBANI;144
GOLFIERI;144
PIREDDU;144
CAVALLONI;144
NAPOLITANO;144
TERRACINA;144
SBARDELLA;144
MORGANTI;144
ALESCIO;144
ALTINER;143
BETTE';143
LORENZINI;143
MARAZZA;143
SGAMBATI;143
SICILIANO;143
VIVENTI;143
BAIOCCHI;143
PALMAS;143
CHIANCA;143
PELLIZZA;143
ROVIDA;143
INGHIRAMI;143
SPELTA;142
SOAVE;142
SCHIEPPATI;142
CASSINA;142
ARMELLIN;142
MANDRINO;141
ARCHETTI;141
BRATTA;141
LIBONE;141
ONETA;141
CATTANEO;141
MAGANUCO;141
FROLO;141
FRANCIOSI;140
CUROTTI;140
FARALDI;140
CIGOGNINI;140
BERTOCCHIO;140
GIULIANO;140
SCUDERA;140
GHINI;140
GHIGLIA;140
LUDOVICO;139
TORELLI;139
MONDOLFI;139
SALTAFORMAGGIO;139
DANIEL;139
SCANDELLA;139
PIERANTONI;139
IURILLI;139
MIGLI;139
MARANO;139
RAVAGNAN;138
TARANTO;138
PIZZUTO;138
PICCOLOMINI;138
CAVAZZA;138
DOGNINI;138
GIAMBOI;138
FRATINI;138
NEIVILLER;138
VALLARINO;138
PRIVITERI;138
MOLITERNI;138
SCIARRA;138
RUBATTINO;137
CHIARON;137
GRABOLI;137
CARESTA;137
PATANE;137
SILLA;137
CARAPELLI;137
CAMERA;137
MALFATTI;137
SOFFIATI;137
ALLEGRO;137
RUBANO;137
CATTUNAR;136
BRUZZO;136
MAZZARA;136
MOSCHITTO;136
CASTOLDI;136
CATERINA;136
MASTRANTON;136
TONON;136
PRESTIFILIPPO;136
DEMARTINIS;135
LUPO;135
BRANDINO;135
PAPPALARDI;135
BATTINO;135
GUAZZI;135
PARTELI;135
LESINA;135
FERNIANI;134
LICHERI;134
ARCARI;134
REBUZZINI;134
FREGUGLIA;134
SCUDIERI;134
CERRI;134
MATTIOLA;134
BOTTONARO;133
CERVONI;133
GRIFASI;133
STUTO;133
DASSE';133
PONTIGGIA;132
CORAIN;132
PEDERZOLI;132
AMALBERTI;132
AMPOLA;132
BINA;132
AGOSTINIS;132
GALATI;132
MISSIAGLIA;132
TARABELLO;132
CALI;132
BELLUCCI;132
AMELIO;132
BACIGALUPPO;132
DEREGIBUS;131
NAPPO;131
SALLUSTI;131
GALLINARA;131
CALDERON;131
FORNACIARI;131
ORLANDI;131
EINAUDI;131
LENTULO;130
PIERINI;130
BENTIVOGLI;130
CERSOSIMO;130
MICHELACCI;130
COSINI;130
CERINO;130
MARULLI;130
RIGGIO;129
SCICOLONE;129
GENCHI;129
MOSCAT;129
STIGLIANO;129
PRESTI;128
GAVARDI;128
MONACO;128
LUCHETTI;128
BERTANZA;128
CALINO;128
SECH;128
CHIANI;128
CENCI;128
GREGORIO;128
FAES;128
TRIULCIO;127
CUCCO;127
ZILI;127
PIZZONI;127
GUARINO;127
MINERVINO;127
BERGAMI;127
SANTIN;127
CACAVALE;126
AMALFITANO;126
CARPITELLA;126
CAVAGNOLA;126
SANTAERA;126
SAILIS;126
PANTANI;126
CERRONI;126
RETTORE;126
FINDANNO;126
CIULLA;126
BONINI;126
MIRABILE;125
MERCANTE;125
GIAQUINTA;125
CESCHINO;125
ZANONCELLI;125
MOROSINI;125
D'URSI;125
ZAMBARBIERI;125
CALDERARA;125
GALANTI;125
DEFRONZO;124
COSSALTER;124
CAVALCANTI;124
RASTELLINO;124
IODICE;124
MASINI;124
AURIA;124
INGIARI;124
RAGONESE;123
BONADIO;123
FILZ;123
MESSINEO;123
MUSUMARRA;123
RIGGIONE;123
ALTAMURA;123
ROVERSI;123
CAPONNETTO;123
BECCI;123
ANSALONI;123
GENERO;122
BACCI;122
ZEPPILLO;122
BERTO;122
NATOLA;122
TAMANTINI;122
PETRUZZELLO;122
PESARESI;122
GIACOMETTO;122
ANTACIDO;122
MACCHETTA;121
BANDINO;121
DAMENO;121
SPAZZADESCHI;121
MODIGNANI;121
GUZZON;121
PUNZIO;121
TOMASINI;121
PERLETTI;121
DESCALZO;121
IANNUCCIO;121
MARZIANI;121
CAVANNA;120
FARRUGIA;120
LAZZARA;120
GINGHINI;120
SCIACCALUGA;120
COMBERIATO;120
CARETTA;120
MALAVOLTI;120
SEGHIERI;120
SEDATI;120
LIOTTO;119
BAGNASCHI;119
SANGUINETI;119
PULEGA;119
MENICOCCI;119
IANNUZZELLI;119
BACELIERI;119
COLUCCIA;119
NUCCIO;119
ODDONI;118
ZILIO;118
GIARELLI;118
CRISTIANI;118
ANZIL;118
PACELLI;117
GUERRISI;117
SEGALINI;117
GUISCARDI;117
CHIEPPI;117
CULTRARO;117
CORPUS;117
CONCU;117
BENATO;117
VALPREDA;117
MILESI;117
LANNI;117
CORGNATI;117
CIPOLLINI;117
MAROLDA;116
FORNINO;116
BRUSASCHETTO;116
BERNARDELLI;116
GENTINETTA;116
VILLORESI;116
CACCIARI;116
GILARDONI;116
PENNESI;116
STROPPA;116
FALASCA;116
PASTORE;115
CARDINALE;115
BALLABIO;115
IURETIC;115
MIGLIETTO;115
AGANI;115
ESPOSTI;115
BERLINGUER;115
QUAINI;114
PAPPALARDO;114
REPETTI;114
GUIGLIA;114
GUS;114
BULUGGIU;114
LAGANARA;114
ANTONACI;114
PEVIANI;114
ZULIANO;114
CAMBIO;113
FUNARI;113
BARALDI;113
ZANGRANDO;113
BRATTO;113
BUSCHETTU;113
VARDANEGA;113
CIRIACO;113
CADONI;112
CAMPUS;112
AZEGLIO;112
CIANFERRA;112
MARCIS;112
FRANCINI;112
CICCIO;112
BERGAMO;112
ARLOTTO;112
ZAGGIA;112
CIANCI;112
FAVALE;112
DI-MAIO;112
PUCCETTI;112
LEVO;112
CAMPAGNOLO;111
FARISEI;111
GIROMINI;111
MARUCCO;111
ARDENGO;111
REBAUDENGO;111
PISERI;111
MARCARINI;111
BONICELLI;111
ASNAGHI;111
MONTEMERLO;111
POLCINO;111
BALSARI;111
TEATINO;111
CAMPOLUNGO;110
ARDISSINO;110
MEDIOLI;110
BACCIGALUPPI;110
MARSON;110
CERQUETTI;110
TROCELLO;110
BORELLI;110
COLETTA;110
ANTINORI;110
TORTORELLA;110
SALVESTRINI;110
CIRRINCIONE;110
PIOLI;110
CRESCENZO;109
SALERNI;109
ANDREANO;109
BAIO;109
PONTOGLIO;109
MARINACCI;109
PIETRANTU;109
IACOE;109
VARISCHI;108
LODOLI;108
BOTTINNERI;108
TESSAROLI;108
BRANDINI;108
MALVOLTI;108
VANGI;108
LINGIARDI;108
CASTELVECCHIO;108
PENZA;108
ANDRADE;108
CORATELLI;107
GARRUTI;107
TRAMONTANA;107
FANELLI;107
BELLASI;107
GHISILIERI;107
SERAO;107
TRAISCI;107
ONETO;107
DABELLANI;107
MATTERA;106
RAVIGNANI;106
PELLINI;106
BUSTI;106
LOMELLINI;106
BRINDISI;106
BERALDO;106
PASCOLINI;106
DILORENZO;106
BOTTINO;106
MIROTTA;106
GOISIS;105
ZORZETTO;105
GERVASI;105
GATEL;105
VANZI;105
TERRENGHI;105
BARELLI;105
CARELLI;105
CHINATTI;105
SECULIN;105
SCHETTINO;104
CRISTALDI;104
AGATE;104
MISITI;104
AJMO;104
GHISLIERI;104
PESCETTO;104
BALDESSARE;104
TESTORIO;103
NUGNES;103
BRUNATI;103
PAOLILLO;103
MALGERI;103
RAVANELLI;103
BRUNETTA;103
COMIRAN;103
CARMELO;102
MASCINI;102
MARABOLI;102
GIUSTO;102
GALIOTTA;102
BALDANI;102
MAINIERO;102
BALDESSARRI;102
STRIANO;102
MO;102
ZERBI;101
AZZINI;101
SANTA;101
RIMOLO;101
LINGIARI;101
FERRAGUTI;100
GRAZIADIO;100
PELLICCIA;100
MARONI;100
NOTARANGELI;100
MANEA;100
BELLINI;100
BARESI;100
MONTIS;100

Obj;127
CpuTime;1032000